--
-- File generated with SQLiteStudio v3.2.1 on Sun Jan 19 19:12:09 2020
--
-- Text encoding used: System
--
PRAGMA foreign_keys = off;
BEGIN TRANSACTION;

-- Table: film
DROP TABLE IF EXISTS film;
CREATE TABLE film(id integer PRIMARY KEY AUTOINCREMENT, naziv varchar(64) not null, reziser_id integer, trajanje integer not null, distributer varchar(64) not null, zemlja_porekla varchar(64) not null, godina_proizvodnje int not null,  opis varchar(1024), obrisan boolean NOT NULL default false, CHECK(trajanje > 0), CHECK(godina_proizvodnje > 0), FOREIGN KEY (reziser_id) REFERENCES osoba(id));
INSERT INTO film (id, naziv, reziser_id, trajanje, distributer, zemlja_porekla, godina_proizvodnje, opis, obrisan) VALUES (1, 'Captain America: The First Avenger', 7, 8183, 'Dejan Productions', 'Bolivia', 1985, 'Lorem ipsum dolor sit amet, consectetur adipiscing elit. Sed semper fringilla congue. Donec ac laoreet sem, vitae tempor nunc. Donec vel lacinia diam. Aenean aliquet eros quis ante maximus, nec semper risus vehicula. Etiam a diam ac dolor malesuada sagittis. Etiam malesuada, turpis in convallis commodo, nunc nulla sagittis lectus, ut finibus sapien tellus eu ante. Morbi vitae nisi at arcu viverra ultricies sit amet non ligula. Nullam sit amet iaculis sem, eget efficitur erat. Morbi nulla magna, luctus ut ultricies sed, ornare ut leo. Phasellus semper, nunc eu fermentum pretium, nunc risus molestie metus, in vehicula mauris sem sed nibh.', 0);
INSERT INTO film (id, naziv, reziser_id, trajanje, distributer, zemlja_porekla, godina_proizvodnje, opis, obrisan) VALUES (2, 'Iron Man', 9, 7891, 'Dejan Productions', 'Reunion', 2000, 'Lorem ipsum dolor sit amet, consectetur adipiscing elit. Sed semper fringilla congue. Donec ac laoreet sem, vitae tempor nunc. Donec vel lacinia diam. Aenean aliquet eros quis ante maximus, nec semper risus vehicula. Etiam a diam ac dolor malesuada sagittis. Etiam malesuada, turpis in convallis commodo, nunc nulla sagittis lectus, ut finibus sapien tellus eu ante. Morbi vitae nisi at arcu viverra ultricies sit amet non ligula. Nullam sit amet iaculis sem, eget efficitur erat. Morbi nulla magna, luctus ut ultricies sed, ornare ut leo. Phasellus semper, nunc eu fermentum pretium, nunc risus molestie metus, in vehicula mauris sem sed nibh.', 0);
INSERT INTO film (id, naziv, reziser_id, trajanje, distributer, zemlja_porekla, godina_proizvodnje, opis, obrisan) VALUES (3, 'The Incredible Hulk', 7, 8108, 'Dejan Productions', 'Switzerland', 1971, 'Lorem ipsum dolor sit amet, consectetur adipiscing elit. Sed semper fringilla congue. Donec ac laoreet sem, vitae tempor nunc. Donec vel lacinia diam. Aenean aliquet eros quis ante maximus, nec semper risus vehicula. Etiam a diam ac dolor malesuada sagittis. Etiam malesuada, turpis in convallis commodo, nunc nulla sagittis lectus, ut finibus sapien tellus eu ante. Morbi vitae nisi at arcu viverra ultricies sit amet non ligula. Nullam sit amet iaculis sem, eget efficitur erat. Morbi nulla magna, luctus ut ultricies sed, ornare ut leo. Phasellus semper, nunc eu fermentum pretium, nunc risus molestie metus, in vehicula mauris sem sed nibh.', 0);
INSERT INTO film (id, naziv, reziser_id, trajanje, distributer, zemlja_porekla, godina_proizvodnje, opis, obrisan) VALUES (4, 'Iron Man 2', 4, 10259, 'Dejan Productions', 'Greece', 1945, 'Lorem ipsum dolor sit amet, consectetur adipiscing elit. Sed semper fringilla congue. Donec ac laoreet sem, vitae tempor nunc. Donec vel lacinia diam. Aenean aliquet eros quis ante maximus, nec semper risus vehicula. Etiam a diam ac dolor malesuada sagittis. Etiam malesuada, turpis in convallis commodo, nunc nulla sagittis lectus, ut finibus sapien tellus eu ante. Morbi vitae nisi at arcu viverra ultricies sit amet non ligula. Nullam sit amet iaculis sem, eget efficitur erat. Morbi nulla magna, luctus ut ultricies sed, ornare ut leo. Phasellus semper, nunc eu fermentum pretium, nunc risus molestie metus, in vehicula mauris sem sed nibh.', 0);
INSERT INTO film (id, naziv, reziser_id, trajanje, distributer, zemlja_porekla, godina_proizvodnje, opis, obrisan) VALUES (5, 'Thor', 9, 10670, 'Dejan Productions', 'El Salvador', 1954, 'Lorem ipsum dolor sit amet, consectetur adipiscing elit. Sed semper fringilla congue. Donec ac laoreet sem, vitae tempor nunc. Donec vel lacinia diam. Aenean aliquet eros quis ante maximus, nec semper risus vehicula. Etiam a diam ac dolor malesuada sagittis. Etiam malesuada, turpis in convallis commodo, nunc nulla sagittis lectus, ut finibus sapien tellus eu ante. Morbi vitae nisi at arcu viverra ultricies sit amet non ligula. Nullam sit amet iaculis sem, eget efficitur erat. Morbi nulla magna, luctus ut ultricies sed, ornare ut leo. Phasellus semper, nunc eu fermentum pretium, nunc risus molestie metus, in vehicula mauris sem sed nibh.', 0);
INSERT INTO film (id, naziv, reziser_id, trajanje, distributer, zemlja_porekla, godina_proizvodnje, opis, obrisan) VALUES (6, 'The Avengers', 5, 6264, 'Dejan Productions', 'Liechtenstein', 1953, 'Lorem ipsum dolor sit amet, consectetur adipiscing elit. Sed semper fringilla congue. Donec ac laoreet sem, vitae tempor nunc. Donec vel lacinia diam. Aenean aliquet eros quis ante maximus, nec semper risus vehicula. Etiam a diam ac dolor malesuada sagittis. Etiam malesuada, turpis in convallis commodo, nunc nulla sagittis lectus, ut finibus sapien tellus eu ante. Morbi vitae nisi at arcu viverra ultricies sit amet non ligula. Nullam sit amet iaculis sem, eget efficitur erat. Morbi nulla magna, luctus ut ultricies sed, ornare ut leo. Phasellus semper, nunc eu fermentum pretium, nunc risus molestie metus, in vehicula mauris sem sed nibh.', 0);
INSERT INTO film (id, naziv, reziser_id, trajanje, distributer, zemlja_porekla, godina_proizvodnje, opis, obrisan) VALUES (7, 'Iron Man 3', 17, 4239, 'Dejan Productions', 'Morocco', 1994, 'Lorem ipsum dolor sit amet, consectetur adipiscing elit. Sed semper fringilla congue. Donec ac laoreet sem, vitae tempor nunc. Donec vel lacinia diam. Aenean aliquet eros quis ante maximus, nec semper risus vehicula. Etiam a diam ac dolor malesuada sagittis. Etiam malesuada, turpis in convallis commodo, nunc nulla sagittis lectus, ut finibus sapien tellus eu ante. Morbi vitae nisi at arcu viverra ultricies sit amet non ligula. Nullam sit amet iaculis sem, eget efficitur erat. Morbi nulla magna, luctus ut ultricies sed, ornare ut leo. Phasellus semper, nunc eu fermentum pretium, nunc risus molestie metus, in vehicula mauris sem sed nibh.', 0);
INSERT INTO film (id, naziv, reziser_id, trajanje, distributer, zemlja_porekla, godina_proizvodnje, opis, obrisan) VALUES (8, 'Thor: The Dark World', 1, 7473, 'Dejan Productions', 'Papua New Guinea', 1948, 'Lorem ipsum dolor sit amet, consectetur adipiscing elit. Sed semper fringilla congue. Donec ac laoreet sem, vitae tempor nunc. Donec vel lacinia diam. Aenean aliquet eros quis ante maximus, nec semper risus vehicula. Etiam a diam ac dolor malesuada sagittis. Etiam malesuada, turpis in convallis commodo, nunc nulla sagittis lectus, ut finibus sapien tellus eu ante. Morbi vitae nisi at arcu viverra ultricies sit amet non ligula. Nullam sit amet iaculis sem, eget efficitur erat. Morbi nulla magna, luctus ut ultricies sed, ornare ut leo. Phasellus semper, nunc eu fermentum pretium, nunc risus molestie metus, in vehicula mauris sem sed nibh.', 0);
INSERT INTO film (id, naziv, reziser_id, trajanje, distributer, zemlja_porekla, godina_proizvodnje, opis, obrisan) VALUES (9, 'Captain America: The Winter Soldier', 3, 7679, 'Dejan Productions', 'Norway', 1991, 'Lorem ipsum dolor sit amet, consectetur adipiscing elit. Sed semper fringilla congue. Donec ac laoreet sem, vitae tempor nunc. Donec vel lacinia diam. Aenean aliquet eros quis ante maximus, nec semper risus vehicula. Etiam a diam ac dolor malesuada sagittis. Etiam malesuada, turpis in convallis commodo, nunc nulla sagittis lectus, ut finibus sapien tellus eu ante. Morbi vitae nisi at arcu viverra ultricies sit amet non ligula. Nullam sit amet iaculis sem, eget efficitur erat. Morbi nulla magna, luctus ut ultricies sed, ornare ut leo. Phasellus semper, nunc eu fermentum pretium, nunc risus molestie metus, in vehicula mauris sem sed nibh.', 0);
INSERT INTO film (id, naziv, reziser_id, trajanje, distributer, zemlja_porekla, godina_proizvodnje, opis, obrisan) VALUES (10, 'Guardians of the Galaxy', 8, 9221, 'Dejan Productions', 'Pakistan', 1945, 'Lorem ipsum dolor sit amet, consectetur adipiscing elit. Sed semper fringilla congue. Donec ac laoreet sem, vitae tempor nunc. Donec vel lacinia diam. Aenean aliquet eros quis ante maximus, nec semper risus vehicula. Etiam a diam ac dolor malesuada sagittis. Etiam malesuada, turpis in convallis commodo, nunc nulla sagittis lectus, ut finibus sapien tellus eu ante. Morbi vitae nisi at arcu viverra ultricies sit amet non ligula. Nullam sit amet iaculis sem, eget efficitur erat. Morbi nulla magna, luctus ut ultricies sed, ornare ut leo. Phasellus semper, nunc eu fermentum pretium, nunc risus molestie metus, in vehicula mauris sem sed nibh.', 0);
INSERT INTO film (id, naziv, reziser_id, trajanje, distributer, zemlja_porekla, godina_proizvodnje, opis, obrisan) VALUES (11, 'Guardians of the Galaxy Vol. 2', 3, 3659, 'Dejan Productions', 'Bolivia', 1991, 'Lorem ipsum dolor sit amet, consectetur adipiscing elit. Sed semper fringilla congue. Donec ac laoreet sem, vitae tempor nunc. Donec vel lacinia diam. Aenean aliquet eros quis ante maximus, nec semper risus vehicula. Etiam a diam ac dolor malesuada sagittis. Etiam malesuada, turpis in convallis commodo, nunc nulla sagittis lectus, ut finibus sapien tellus eu ante. Morbi vitae nisi at arcu viverra ultricies sit amet non ligula. Nullam sit amet iaculis sem, eget efficitur erat. Morbi nulla magna, luctus ut ultricies sed, ornare ut leo. Phasellus semper, nunc eu fermentum pretium, nunc risus molestie metus, in vehicula mauris sem sed nibh.', 0);
INSERT INTO film (id, naziv, reziser_id, trajanje, distributer, zemlja_porekla, godina_proizvodnje, opis, obrisan) VALUES (12, 'Avengers: Age of Ultron', 4, 8977, 'Dejan Productions', 'Reunion', 1973, 'Lorem ipsum dolor sit amet, consectetur adipiscing elit. Sed semper fringilla congue. Donec ac laoreet sem, vitae tempor nunc. Donec vel lacinia diam. Aenean aliquet eros quis ante maximus, nec semper risus vehicula. Etiam a diam ac dolor malesuada sagittis. Etiam malesuada, turpis in convallis commodo, nunc nulla sagittis lectus, ut finibus sapien tellus eu ante. Morbi vitae nisi at arcu viverra ultricies sit amet non ligula. Nullam sit amet iaculis sem, eget efficitur erat. Morbi nulla magna, luctus ut ultricies sed, ornare ut leo. Phasellus semper, nunc eu fermentum pretium, nunc risus molestie metus, in vehicula mauris sem sed nibh.', 0);
INSERT INTO film (id, naziv, reziser_id, trajanje, distributer, zemlja_porekla, godina_proizvodnje, opis, obrisan) VALUES (13, 'Ant-Man', 10, 8909, 'Dejan Productions', 'Switzerland', 1977, 'Lorem ipsum dolor sit amet, consectetur adipiscing elit. Sed semper fringilla congue. Donec ac laoreet sem, vitae tempor nunc. Donec vel lacinia diam. Aenean aliquet eros quis ante maximus, nec semper risus vehicula. Etiam a diam ac dolor malesuada sagittis. Etiam malesuada, turpis in convallis commodo, nunc nulla sagittis lectus, ut finibus sapien tellus eu ante. Morbi vitae nisi at arcu viverra ultricies sit amet non ligula. Nullam sit amet iaculis sem, eget efficitur erat. Morbi nulla magna, luctus ut ultricies sed, ornare ut leo. Phasellus semper, nunc eu fermentum pretium, nunc risus molestie metus, in vehicula mauris sem sed nibh.', 0);
INSERT INTO film (id, naziv, reziser_id, trajanje, distributer, zemlja_porekla, godina_proizvodnje, opis, obrisan) VALUES (14, 'Captain America: Civil War', 8, 10640, 'Dejan Productions', 'Greece', 1996, 'Lorem ipsum dolor sit amet, consectetur adipiscing elit. Sed semper fringilla congue. Donec ac laoreet sem, vitae tempor nunc. Donec vel lacinia diam. Aenean aliquet eros quis ante maximus, nec semper risus vehicula. Etiam a diam ac dolor malesuada sagittis. Etiam malesuada, turpis in convallis commodo, nunc nulla sagittis lectus, ut finibus sapien tellus eu ante. Morbi vitae nisi at arcu viverra ultricies sit amet non ligula. Nullam sit amet iaculis sem, eget efficitur erat. Morbi nulla magna, luctus ut ultricies sed, ornare ut leo. Phasellus semper, nunc eu fermentum pretium, nunc risus molestie metus, in vehicula mauris sem sed nibh.', 0);
INSERT INTO film (id, naziv, reziser_id, trajanje, distributer, zemlja_porekla, godina_proizvodnje, opis, obrisan) VALUES (15, 'Spider-Man: Homecoming', 11, 7154, 'Dejan Productions', 'El Salvador', 1991, 'Lorem ipsum dolor sit amet, consectetur adipiscing elit. Sed semper fringilla congue. Donec ac laoreet sem, vitae tempor nunc. Donec vel lacinia diam. Aenean aliquet eros quis ante maximus, nec semper risus vehicula. Etiam a diam ac dolor malesuada sagittis. Etiam malesuada, turpis in convallis commodo, nunc nulla sagittis lectus, ut finibus sapien tellus eu ante. Morbi vitae nisi at arcu viverra ultricies sit amet non ligula. Nullam sit amet iaculis sem, eget efficitur erat. Morbi nulla magna, luctus ut ultricies sed, ornare ut leo. Phasellus semper, nunc eu fermentum pretium, nunc risus molestie metus, in vehicula mauris sem sed nibh.', 0);
INSERT INTO film (id, naziv, reziser_id, trajanje, distributer, zemlja_porekla, godina_proizvodnje, opis, obrisan) VALUES (16, 'Doctor Strange', 5, 4766, 'Dejan Productions', 'Liechtenstein', 2011, 'Lorem ipsum dolor sit amet, consectetur adipiscing elit. Sed semper fringilla congue. Donec ac laoreet sem, vitae tempor nunc. Donec vel lacinia diam. Aenean aliquet eros quis ante maximus, nec semper risus vehicula. Etiam a diam ac dolor malesuada sagittis. Etiam malesuada, turpis in convallis commodo, nunc nulla sagittis lectus, ut finibus sapien tellus eu ante. Morbi vitae nisi at arcu viverra ultricies sit amet non ligula. Nullam sit amet iaculis sem, eget efficitur erat. Morbi nulla magna, luctus ut ultricies sed, ornare ut leo. Phasellus semper, nunc eu fermentum pretium, nunc risus molestie metus, in vehicula mauris sem sed nibh.', 0);
INSERT INTO film (id, naziv, reziser_id, trajanje, distributer, zemlja_porekla, godina_proizvodnje, opis, obrisan) VALUES (17, 'Thor: Ragnarok', 13, 5241, 'Dejan Productions', 'Morocco', 1954, 'Lorem ipsum dolor sit amet, consectetur adipiscing elit. Sed semper fringilla congue. Donec ac laoreet sem, vitae tempor nunc. Donec vel lacinia diam. Aenean aliquet eros quis ante maximus, nec semper risus vehicula. Etiam a diam ac dolor malesuada sagittis. Etiam malesuada, turpis in convallis commodo, nunc nulla sagittis lectus, ut finibus sapien tellus eu ante. Morbi vitae nisi at arcu viverra ultricies sit amet non ligula. Nullam sit amet iaculis sem, eget efficitur erat. Morbi nulla magna, luctus ut ultricies sed, ornare ut leo. Phasellus semper, nunc eu fermentum pretium, nunc risus molestie metus, in vehicula mauris sem sed nibh.', 0);
INSERT INTO film (id, naziv, reziser_id, trajanje, distributer, zemlja_porekla, godina_proizvodnje, opis, obrisan) VALUES (18, 'Black Panther', 10, 9532, 'Dejan Productions', 'Papua New Guinea', 1961, 'Lorem ipsum dolor sit amet, consectetur adipiscing elit. Sed semper fringilla congue. Donec ac laoreet sem, vitae tempor nunc. Donec vel lacinia diam. Aenean aliquet eros quis ante maximus, nec semper risus vehicula. Etiam a diam ac dolor malesuada sagittis. Etiam malesuada, turpis in convallis commodo, nunc nulla sagittis lectus, ut finibus sapien tellus eu ante. Morbi vitae nisi at arcu viverra ultricies sit amet non ligula. Nullam sit amet iaculis sem, eget efficitur erat. Morbi nulla magna, luctus ut ultricies sed, ornare ut leo. Phasellus semper, nunc eu fermentum pretium, nunc risus molestie metus, in vehicula mauris sem sed nibh.', 0);
INSERT INTO film (id, naziv, reziser_id, trajanje, distributer, zemlja_porekla, godina_proizvodnje, opis, obrisan) VALUES (19, 'Avengers: Infinity War', 2, 9642, 'Dejan Productions', 'Norway', 1978, 'Lorem ipsum dolor sit amet, consectetur adipiscing elit. Sed semper fringilla congue. Donec ac laoreet sem, vitae tempor nunc. Donec vel lacinia diam. Aenean aliquet eros quis ante maximus, nec semper risus vehicula. Etiam a diam ac dolor malesuada sagittis. Etiam malesuada, turpis in convallis commodo, nunc nulla sagittis lectus, ut finibus sapien tellus eu ante. Morbi vitae nisi at arcu viverra ultricies sit amet non ligula. Nullam sit amet iaculis sem, eget efficitur erat. Morbi nulla magna, luctus ut ultricies sed, ornare ut leo. Phasellus semper, nunc eu fermentum pretium, nunc risus molestie metus, in vehicula mauris sem sed nibh.', 0);
INSERT INTO film (id, naziv, reziser_id, trajanje, distributer, zemlja_porekla, godina_proizvodnje, opis, obrisan) VALUES (20, 'Ant-Man and the Wasp', 1, 7461, 'Dejan Productions', 'Pakistan', 1988, 'Lorem ipsum dolor sit amet, consectetur adipiscing elit. Sed semper fringilla congue. Donec ac laoreet sem, vitae tempor nunc. Donec vel lacinia diam. Aenean aliquet eros quis ante maximus, nec semper risus vehicula. Etiam a diam ac dolor malesuada sagittis. Etiam malesuada, turpis in convallis commodo, nunc nulla sagittis lectus, ut finibus sapien tellus eu ante. Morbi vitae nisi at arcu viverra ultricies sit amet non ligula. Nullam sit amet iaculis sem, eget efficitur erat. Morbi nulla magna, luctus ut ultricies sed, ornare ut leo. Phasellus semper, nunc eu fermentum pretium, nunc risus molestie metus, in vehicula mauris sem sed nibh.', 0);
INSERT INTO film (id, naziv, reziser_id, trajanje, distributer, zemlja_porekla, godina_proizvodnje, opis, obrisan) VALUES (21, 'testFilm4564', 76, 7200, 'DDDDD', 'dasdsa', 2019, 'Lorem ipsum dolor sit amet, consectetur adipiscing elit. Sed semper fringilla congue. Donec ac laoreet sem, vitae tempor nunc. Donec vel lacinia diam. Aenean aliquet eros quis ante maximus, nec semper risus vehicula. Etiam a diam ac dolor malesuada sagittis. Etiam malesuada, turpis in convallis commodo, nunc nulla sagittis lectus, ut finibus sapien tellus eu ante. Morbi vitae nisi at arcu viverra ultricies sit amet non ligula. Nullam sit amet iaculis sem, eget efficitur erat. Morbi nulla magna, luctus ut ultricies sed, ornare ut leo. Phasellus semper, nunc eu fermentum pretium, nunc risus molestie metus, in vehicula mauris sem sed nibh.', 0);
INSERT INTO film (id, naziv, reziser_id, trajanje, distributer, zemlja_porekla, godina_proizvodnje, opis, obrisan) VALUES (22, 'testFilm', 76, 7260, 'dasdasd', '', 2019, 'Lorem ipsum dolor sit amet, consectetur adipiscing elit. Sed semper fringilla congue. Donec ac laoreet sem, vitae tempor nunc. Donec vel lacinia diam. Aenean aliquet eros quis ante maximus, nec semper risus vehicula. Etiam a diam ac dolor malesuada sagittis. Etiam malesuada, turpis in convallis commodo, nunc nulla sagittis lectus, ut finibus sapien tellus eu ante. Morbi vitae nisi at arcu viverra ultricies sit amet non ligula. Nullam sit amet iaculis sem, eget efficitur erat. Morbi nulla magna, luctus ut ultricies sed, ornare ut leo. Phasellus semper, nunc eu fermentum pretium, nunc risus molestie metus, in vehicula mauris sem sed nibh.', 1);
INSERT INTO film (id, naziv, reziser_id, trajanje, distributer, zemlja_porekla, godina_proizvodnje, opis, obrisan) VALUES (24, 'Test', 2, 20000, '0sdaasd', 'dasasd', 2020, 'Lorem ipsum dolor sit amet, consectetur adipiscing elit. Sed semper fringilla congue. Donec ac laoreet sem, vitae tempor nunc. Donec vel lacinia diam. Aenean aliquet eros quis ante maximus, nec semper risus vehicula. Etiam a diam ac dolor malesuada sagittis. Etiam malesuada, turpis in convallis commodo, nunc nulla sagittis lectus, ut finibus sapien tellus eu ante. Morbi vitae nisi at arcu viverra ultricies sit amet non ligula. Nullam sit amet iaculis sem, eget efficitur erat. Morbi nulla magna, luctus ut ultricies sed, ornare ut leo. Phasellus semper, nunc eu fermentum pretium, nunc risus molestie metus, in vehicula mauris sem sed nibh.', 0);
INSERT INTO film (id, naziv, reziser_id, trajanje, distributer, zemlja_porekla, godina_proizvodnje, opis, obrisan) VALUES (25, 'dasdasddasadsads', 1, 3423, 'dsadsaads', 'dsadssadds', 23134, 'Lorem ipsum dolor sit amet, consectetur adipiscing elit. Sed semper fringilla congue. Donec ac laoreet sem, vitae tempor nunc. Donec vel lacinia diam. Aenean aliquet eros quis ante maximus, nec semper risus vehicula. Etiam a diam ac dolor malesuada sagittis. Etiam malesuada, turpis in convallis commodo, nunc nulla sagittis lectus, ut finibus sapien tellus eu ante. Morbi vitae nisi at arcu viverra ultricies sit amet non ligula. Nullam sit amet iaculis sem, eget efficitur erat. Morbi nulla magna, luctus ut ultricies sed, ornare ut leo. Phasellus semper, nunc eu fermentum pretium, nunc risus molestie metus, in vehicula mauris sem sed nibh.', 0);
INSERT INTO film (id, naziv, reziser_id, trajanje, distributer, zemlja_porekla, godina_proizvodnje, opis, obrisan) VALUES (26, 'dasdasd', 80, 20000, 'dasadsadsda', 'dsadasd', 2020, 'Lorem ipsum dolor sit amet, consectetur adipiscing elit. Sed semper fringilla congue. Donec ac laoreet sem, vitae tempor nunc. Donec vel lacinia diam. Aenean aliquet eros quis ante maximus, nec semper risus vehicula. Etiam a diam ac dolor malesuada sagittis. Etiam malesuada, turpis in convallis commodo, nunc nulla sagittis lectus, ut finibus sapien tellus eu ante. Morbi vitae nisi at arcu viverra ultricies sit amet non ligula. Nullam sit amet iaculis sem, eget efficitur erat. Morbi nulla magna, luctus ut ultricies sed, ornare ut leo. Phasellus semper, nunc eu fermentum pretium, nunc risus molestie metus, in vehicula mauris sem sed nibh.', 0);
INSERT INTO film (id, naziv, reziser_id, trajanje, distributer, zemlja_porekla, godina_proizvodnje, opis, obrisan) VALUES (27, 'dasdasddsa', 81, 20000, 'dasdsad', 'asdasddsd', 2020, 'Lorem ipsum dolor sit amet, consectetur adipiscing elit. Sed semper fringilla congue. Donec ac laoreet sem, vitae tempor nunc. Donec vel lacinia diam. Aenean aliquet eros quis ante maximus, nec semper risus vehicula. Etiam a diam ac dolor malesuada sagittis. Etiam malesuada, turpis in convallis commodo, nunc nulla sagittis lectus, ut finibus sapien tellus eu ante. Morbi vitae nisi at arcu viverra ultricies sit amet non ligula. Nullam sit amet iaculis sem, eget efficitur erat. Morbi nulla magna, luctus ut ultricies sed, ornare ut leo. Phasellus semper, nunc eu fermentum pretium, nunc risus molestie metus, in vehicula mauris sem sed nibh.', 0);
INSERT INTO film (id, naziv, reziser_id, trajanje, distributer, zemlja_porekla, godina_proizvodnje, opis, obrisan) VALUES (28, 'TestFIlm22a2n', 84, 2000, 'Ja', 'Srbija', 2020, 'Lorem ipsum dolor sit amet, consectetur adipiscing elit. Sed semper fringilla congue. Donec ac laoreet sem, vitae tempor nunc. Donec vel lacinia diam. Aenean aliquet eros quis ante maximus, nec semper risus vehicula. Etiam a diam ac dolor malesuada sagittis. Etiam malesuada, turpis in convallis commodo, nunc nulla sagittis lectus, ut finibus sapien tellus eu ante. Morbi vitae nisi at arcu viverra ultricies sit amet non ligula. Nullam sit amet iaculis sem, eget efficitur erat. Morbi nulla magna, luctus ut ultricies sed, ornare ut leo. Phasellus semper, nunc eu fermentum pretium, nunc risus molestie metus, in vehicula mauris sem sed nibh.', 0);
INSERT INTO film (id, naziv, reziser_id, trajanje, distributer, zemlja_porekla, godina_proizvodnje, opis, obrisan) VALUES (30, 'Zikina Dinastija 1', 87, 20000, 'Jugoton', 'Jugoslavija', 1982, 'Lorem ipsum dolor sit amet, consectetur adipiscing elit. Sed semper fringilla congue. Donec ac laoreet sem, vitae tempor nunc. Donec vel lacinia diam. Aenean aliquet eros quis ante maximus, nec semper risus vehicula. Etiam a diam ac dolor malesuada sagittis. Etiam malesuada, turpis in convallis commodo, nunc nulla sagittis lectus, ut finibus sapien tellus eu ante. Morbi vitae nisi at arcu viverra ultricies sit amet non ligula. Nullam sit amet iaculis sem, eget efficitur erat. Morbi nulla magna, luctus ut ultricies sed, ornare ut leo. Phasellus semper, nunc eu fermentum pretium, nunc risus molestie metus, in vehicula mauris sem sed nibh.', 0);
INSERT INTO film (id, naziv, reziser_id, trajanje, distributer, zemlja_porekla, godina_proizvodnje, opis, obrisan) VALUES (34, 'FFFF', 51, 200000, 'DDDDDDDDDDDDD', 'Srbija', 2020, 'hgggfhggghg', 0);

-- Table: film_glumac
DROP TABLE IF EXISTS film_glumac;
CREATE TABLE film_glumac (film_id int, glumac_id int, FOREIGN KEY (film_id) REFERENCES film (id), FOREIGN KEY (glumac_id) REFERENCES osoba (id), PRIMARY KEY (film_id, glumac_id));
INSERT INTO film_glumac (film_id, glumac_id) VALUES (8, 1);
INSERT INTO film_glumac (film_id, glumac_id) VALUES (15, 2);
INSERT INTO film_glumac (film_id, glumac_id) VALUES (13, 3);
INSERT INTO film_glumac (film_id, glumac_id) VALUES (11, 4);
INSERT INTO film_glumac (film_id, glumac_id) VALUES (20, 5);
INSERT INTO film_glumac (film_id, glumac_id) VALUES (14, 6);
INSERT INTO film_glumac (film_id, glumac_id) VALUES (14, 7);
INSERT INTO film_glumac (film_id, glumac_id) VALUES (11, 8);
INSERT INTO film_glumac (film_id, glumac_id) VALUES (4, 9);
INSERT INTO film_glumac (film_id, glumac_id) VALUES (14, 10);
INSERT INTO film_glumac (film_id, glumac_id) VALUES (20, 11);
INSERT INTO film_glumac (film_id, glumac_id) VALUES (11, 12);
INSERT INTO film_glumac (film_id, glumac_id) VALUES (8, 13);
INSERT INTO film_glumac (film_id, glumac_id) VALUES (3, 14);
INSERT INTO film_glumac (film_id, glumac_id) VALUES (19, 15);
INSERT INTO film_glumac (film_id, glumac_id) VALUES (12, 16);
INSERT INTO film_glumac (film_id, glumac_id) VALUES (8, 17);
INSERT INTO film_glumac (film_id, glumac_id) VALUES (9, 18);
INSERT INTO film_glumac (film_id, glumac_id) VALUES (18, 19);
INSERT INTO film_glumac (film_id, glumac_id) VALUES (1, 20);
INSERT INTO film_glumac (film_id, glumac_id) VALUES (16, 21);
INSERT INTO film_glumac (film_id, glumac_id) VALUES (12, 22);
INSERT INTO film_glumac (film_id, glumac_id) VALUES (6, 23);
INSERT INTO film_glumac (film_id, glumac_id) VALUES (19, 24);
INSERT INTO film_glumac (film_id, glumac_id) VALUES (15, 25);
INSERT INTO film_glumac (film_id, glumac_id) VALUES (10, 26);
INSERT INTO film_glumac (film_id, glumac_id) VALUES (6, 27);
INSERT INTO film_glumac (film_id, glumac_id) VALUES (14, 28);
INSERT INTO film_glumac (film_id, glumac_id) VALUES (20, 29);
INSERT INTO film_glumac (film_id, glumac_id) VALUES (12, 30);
INSERT INTO film_glumac (film_id, glumac_id) VALUES (18, 31);
INSERT INTO film_glumac (film_id, glumac_id) VALUES (11, 32);
INSERT INTO film_glumac (film_id, glumac_id) VALUES (20, 33);
INSERT INTO film_glumac (film_id, glumac_id) VALUES (10, 34);
INSERT INTO film_glumac (film_id, glumac_id) VALUES (15, 35);
INSERT INTO film_glumac (film_id, glumac_id) VALUES (14, 36);
INSERT INTO film_glumac (film_id, glumac_id) VALUES (14, 37);
INSERT INTO film_glumac (film_id, glumac_id) VALUES (19, 38);
INSERT INTO film_glumac (film_id, glumac_id) VALUES (15, 39);
INSERT INTO film_glumac (film_id, glumac_id) VALUES (17, 40);
INSERT INTO film_glumac (film_id, glumac_id) VALUES (13, 41);
INSERT INTO film_glumac (film_id, glumac_id) VALUES (12, 42);
INSERT INTO film_glumac (film_id, glumac_id) VALUES (1, 43);
INSERT INTO film_glumac (film_id, glumac_id) VALUES (13, 44);
INSERT INTO film_glumac (film_id, glumac_id) VALUES (6, 45);
INSERT INTO film_glumac (film_id, glumac_id) VALUES (8, 46);
INSERT INTO film_glumac (film_id, glumac_id) VALUES (7, 47);
INSERT INTO film_glumac (film_id, glumac_id) VALUES (17, 48);
INSERT INTO film_glumac (film_id, glumac_id) VALUES (10, 49);
INSERT INTO film_glumac (film_id, glumac_id) VALUES (8, 50);
INSERT INTO film_glumac (film_id, glumac_id) VALUES (14, 51);
INSERT INTO film_glumac (film_id, glumac_id) VALUES (5, 52);
INSERT INTO film_glumac (film_id, glumac_id) VALUES (12, 53);
INSERT INTO film_glumac (film_id, glumac_id) VALUES (8, 54);
INSERT INTO film_glumac (film_id, glumac_id) VALUES (10, 55);
INSERT INTO film_glumac (film_id, glumac_id) VALUES (4, 56);
INSERT INTO film_glumac (film_id, glumac_id) VALUES (6, 57);
INSERT INTO film_glumac (film_id, glumac_id) VALUES (14, 58);
INSERT INTO film_glumac (film_id, glumac_id) VALUES (14, 59);
INSERT INTO film_glumac (film_id, glumac_id) VALUES (10, 60);
INSERT INTO film_glumac (film_id, glumac_id) VALUES (19, 61);
INSERT INTO film_glumac (film_id, glumac_id) VALUES (4, 62);
INSERT INTO film_glumac (film_id, glumac_id) VALUES (10, 63);
INSERT INTO film_glumac (film_id, glumac_id) VALUES (7, 64);
INSERT INTO film_glumac (film_id, glumac_id) VALUES (17, 65);
INSERT INTO film_glumac (film_id, glumac_id) VALUES (4, 66);
INSERT INTO film_glumac (film_id, glumac_id) VALUES (16, 67);
INSERT INTO film_glumac (film_id, glumac_id) VALUES (16, 68);
INSERT INTO film_glumac (film_id, glumac_id) VALUES (10, 69);
INSERT INTO film_glumac (film_id, glumac_id) VALUES (19, 70);
INSERT INTO film_glumac (film_id, glumac_id) VALUES (12, 71);
INSERT INTO film_glumac (film_id, glumac_id) VALUES (7, 72);
INSERT INTO film_glumac (film_id, glumac_id) VALUES (1, 73);
INSERT INTO film_glumac (film_id, glumac_id) VALUES (7, 74);
INSERT INTO film_glumac (film_id, glumac_id) VALUES (11, 75);
INSERT INTO film_glumac (film_id, glumac_id) VALUES (22, 76);
INSERT INTO film_glumac (film_id, glumac_id) VALUES (22, 77);
INSERT INTO film_glumac (film_id, glumac_id) VALUES (22, 4);
INSERT INTO film_glumac (film_id, glumac_id) VALUES (22, 75);
INSERT INTO film_glumac (film_id, glumac_id) VALUES (21, 78);
INSERT INTO film_glumac (film_id, glumac_id) VALUES (21, 79);
INSERT INTO film_glumac (film_id, glumac_id) VALUES (25, 1);
INSERT INTO film_glumac (film_id, glumac_id) VALUES (27, 82);
INSERT INTO film_glumac (film_id, glumac_id) VALUES (27, 83);
INSERT INTO film_glumac (film_id, glumac_id) VALUES (28, 76);
INSERT INTO film_glumac (film_id, glumac_id) VALUES (28, 86);
INSERT INTO film_glumac (film_id, glumac_id) VALUES (30, 88);
INSERT INTO film_glumac (film_id, glumac_id) VALUES (30, 89);
INSERT INTO film_glumac (film_id, glumac_id) VALUES (34, 2);
INSERT INTO film_glumac (film_id, glumac_id) VALUES (34, 77);
INSERT INTO film_glumac (film_id, glumac_id) VALUES (34, 79);
INSERT INTO film_glumac (film_id, glumac_id) VALUES (34, 76);

-- Table: film_slika
DROP TABLE IF EXISTS film_slika;
CREATE TABLE film_slika (film_id integer PRIMARY KEY, linkDoSlike varchar (128) DEFAULT ('https://i.ibb.co/D7ymXLV/film-poster-placeholder.png'), FOREIGN KEY (film_id) REFERENCES film (id));
INSERT INTO film_slika (film_id, linkDoSlike) VALUES (1, 'https://i.ibb.co/D7ymXLV/film-poster-placeholder.png');
INSERT INTO film_slika (film_id, linkDoSlike) VALUES (2, 'https://images-na.ssl-images-amazon.com/images/I/51eAcYiuFJL._SX425_.jpg');
INSERT INTO film_slika (film_id, linkDoSlike) VALUES (3, 'https://i.ibb.co/D7ymXLV/film-poster-placeholder.png');
INSERT INTO film_slika (film_id, linkDoSlike) VALUES (4, 'http://3.bp.blogspot.com/_nD_YgZuOadA/TImT2bkSbAI/AAAAAAAAAPs/CNbDBIZzGfw/s1600/robert-downey-jr-wallpapers_18919_1280x800.jpg');
INSERT INTO film_slika (film_id, linkDoSlike) VALUES (5, 'https://i.ibb.co/D7ymXLV/film-poster-placeholder.png');
INSERT INTO film_slika (film_id, linkDoSlike) VALUES (6, 'https://i.ibb.co/D7ymXLV/film-poster-placeholder.png');
INSERT INTO film_slika (film_id, linkDoSlike) VALUES (7, 'https://i.ibb.co/D7ymXLV/film-poster-placeholder.png');
INSERT INTO film_slika (film_id, linkDoSlike) VALUES (8, 'https://i.ibb.co/D7ymXLV/film-poster-placeholder.png');
INSERT INTO film_slika (film_id, linkDoSlike) VALUES (9, 'https://i.ibb.co/D7ymXLV/film-poster-placeholder.png');
INSERT INTO film_slika (film_id, linkDoSlike) VALUES (10, 'https://images-na.ssl-images-amazon.com/images/I/81b45f09rWL._SL1500_.jpg');
INSERT INTO film_slika (film_id, linkDoSlike) VALUES (11, 'https://i.ibb.co/D7ymXLV/film-poster-placeholder.png');
INSERT INTO film_slika (film_id, linkDoSlike) VALUES (12, 'https://i.ibb.co/D7ymXLV/film-poster-placeholder.png');
INSERT INTO film_slika (film_id, linkDoSlike) VALUES (13, 'https://i.ibb.co/D7ymXLV/film-poster-placeholder.png');
INSERT INTO film_slika (film_id, linkDoSlike) VALUES (14, 'https://images-na.ssl-images-amazon.com/images/I/51hiihvkzCL._SY445_.jpg');
INSERT INTO film_slika (film_id, linkDoSlike) VALUES (15, 'https://i.ibb.co/D7ymXLV/film-poster-placeholder.png');
INSERT INTO film_slika (film_id, linkDoSlike) VALUES (16, 'https://i.ibb.co/D7ymXLV/film-poster-placeholder.png');
INSERT INTO film_slika (film_id, linkDoSlike) VALUES (17, 'https://i.ibb.co/D7ymXLV/film-poster-placeholder.png');
INSERT INTO film_slika (film_id, linkDoSlike) VALUES (18, 'https://i.ibb.co/D7ymXLV/film-poster-placeholder.png');
INSERT INTO film_slika (film_id, linkDoSlike) VALUES (19, 'https://steemitimages.com/DQmNPLe8mXVSk3MimtwengocttcxRZ3BDJKMgVoZzPhki95/avengers-infinity-war-et00073462-02-04-2018-09-21-43.jpg');
INSERT INTO film_slika (film_id, linkDoSlike) VALUES (20, 'https://images-na.ssl-images-amazon.com/images/I/911Gc+MRR1L._RI_.jpg');
INSERT INTO film_slika (film_id, linkDoSlike) VALUES (24, '');
INSERT INTO film_slika (film_id, linkDoSlike) VALUES (25, '');
INSERT INTO film_slika (film_id, linkDoSlike) VALUES (26, '');
INSERT INTO film_slika (film_id, linkDoSlike) VALUES (27, '');
INSERT INTO film_slika (film_id, linkDoSlike) VALUES (28, 'https://cdn.pastemagazine.com/www/articles/2019/10/25/best-movies-redbox-2019.jpg');
INSERT INTO film_slika (film_id, linkDoSlike) VALUES (30, 'https://www.espreso.rs/data/images/2018/04/05/13/354923_zikina-dinastija_ls.jpg');
INSERT INTO film_slika (film_id, linkDoSlike) VALUES (34, '');

-- Table: film_zanr
DROP TABLE IF EXISTS film_zanr;
CREATE TABLE film_zanr(film_id int, zanr_id int, FOREIGN KEY (film_id) REFERENCES film(id), FOREIGN KEY (zanr_id) REFERENCES zanr(id), PRIMARY KEY (film_id, zanr_id));
INSERT INTO film_zanr (film_id, zanr_id) VALUES (1, 4);
INSERT INTO film_zanr (film_id, zanr_id) VALUES (2, 5);
INSERT INTO film_zanr (film_id, zanr_id) VALUES (3, 1);
INSERT INTO film_zanr (film_id, zanr_id) VALUES (4, 1);
INSERT INTO film_zanr (film_id, zanr_id) VALUES (5, 1);
INSERT INTO film_zanr (film_id, zanr_id) VALUES (6, 2);
INSERT INTO film_zanr (film_id, zanr_id) VALUES (7, 2);
INSERT INTO film_zanr (film_id, zanr_id) VALUES (8, 2);
INSERT INTO film_zanr (film_id, zanr_id) VALUES (9, 3);
INSERT INTO film_zanr (film_id, zanr_id) VALUES (10, 4);
INSERT INTO film_zanr (film_id, zanr_id) VALUES (11, 3);
INSERT INTO film_zanr (film_id, zanr_id) VALUES (12, 1);
INSERT INTO film_zanr (film_id, zanr_id) VALUES (13, 2);
INSERT INTO film_zanr (film_id, zanr_id) VALUES (14, 2);
INSERT INTO film_zanr (film_id, zanr_id) VALUES (15, 4);
INSERT INTO film_zanr (film_id, zanr_id) VALUES (16, 1);
INSERT INTO film_zanr (film_id, zanr_id) VALUES (17, 4);
INSERT INTO film_zanr (film_id, zanr_id) VALUES (18, 4);
INSERT INTO film_zanr (film_id, zanr_id) VALUES (19, 4);
INSERT INTO film_zanr (film_id, zanr_id) VALUES (20, 4);
INSERT INTO film_zanr (film_id, zanr_id) VALUES (21, 3);
INSERT INTO film_zanr (film_id, zanr_id) VALUES (22, 4);
INSERT INTO film_zanr (film_id, zanr_id) VALUES (22, 3);
INSERT INTO film_zanr (film_id, zanr_id) VALUES (22, 6);
INSERT INTO film_zanr (film_id, zanr_id) VALUES (21, 7);
INSERT INTO film_zanr (film_id, zanr_id) VALUES (22, 1);
INSERT INTO film_zanr (film_id, zanr_id) VALUES (21, 2);
INSERT INTO film_zanr (film_id, zanr_id) VALUES (21, 1);
INSERT INTO film_zanr (film_id, zanr_id) VALUES (25, 2);
INSERT INTO film_zanr (film_id, zanr_id) VALUES (25, 3);
INSERT INTO film_zanr (film_id, zanr_id) VALUES (27, 8);
INSERT INTO film_zanr (film_id, zanr_id) VALUES (28, 8);
INSERT INTO film_zanr (film_id, zanr_id) VALUES (30, 4);
INSERT INTO film_zanr (film_id, zanr_id) VALUES (21, 10);
INSERT INTO film_zanr (film_id, zanr_id) VALUES (28, 11);
INSERT INTO film_zanr (film_id, zanr_id) VALUES (34, 6);
INSERT INTO film_zanr (film_id, zanr_id) VALUES (34, 4);
INSERT INTO film_zanr (film_id, zanr_id) VALUES (34, 3);

-- Table: karta
DROP TABLE IF EXISTS karta;
CREATE TABLE karta (id integer PRIMARY KEY AUTOINCREMENT, projekcija_id int NOT NULL, sediste_id int NOT NULL, korisnik_id int NOT NULL, datum_vreme_prodaje datetime NOT NULL DEFAULT (datetime('now')), obrisan boolean NOT NULL DEFAULT false, FOREIGN KEY (projekcija_id) REFERENCES projekcija (id), FOREIGN KEY (korisnik_id) REFERENCES korisnik (id), FOREIGN KEY (sediste_id) REFERENCES sediste (id));
INSERT INTO karta (id, projekcija_id, sediste_id, korisnik_id, datum_vreme_prodaje, obrisan) VALUES (1, 1, 3, 1, '2020-01-19 15:42:34', 0);

-- Table: korisnik
DROP TABLE IF EXISTS korisnik;
CREATE TABLE korisnik (id integer PRIMARY KEY AUTOINCREMENT, username varchar (64) UNIQUE NOT NULL, password varchar (64) NOT NULL, datum_registracije DATETIME NOT NULL DEFAULT (datetime('now')), uloga_id integer NOT NULL DEFAULT 0, obrisan boolean NOT NULL DEFAULT false, FOREIGN KEY (uloga_id) REFERENCES uloga (id));
INSERT INTO korisnik (id, username, password, datum_registracije, uloga_id, obrisan) VALUES (1, 'jollydorsal', 'Username8', '2019-12-10', 1, 0);
INSERT INTO korisnik (id, username, password, datum_registracije, uloga_id, obrisan) VALUES (2, 'firechargeappetite', 'Username11', '2019-12-10', 1, 0);
INSERT INTO korisnik (id, username, password, datum_registracije, uloga_id, obrisan) VALUES (3, 'chefgaffer', 'Username9', '2019-12-10', 1, 0);
INSERT INTO korisnik (id, username, password, datum_registracije, uloga_id, obrisan) VALUES (4, 'northerndeprecate', 'Username4', '2019-12-10', 1, 0);
INSERT INTO korisnik (id, username, password, datum_registracije, uloga_id, obrisan) VALUES (5, 'yorkshiregatineau', 'Username3', '2019-12-10', 1, 0);
INSERT INTO korisnik (id, username, password, datum_registracije, uloga_id, obrisan) VALUES (6, 'angrilywashford', 'Username6', '2019-12-10', 1, 0);
INSERT INTO korisnik (id, username, password, datum_registracije, uloga_id, obrisan) VALUES (7, 'cavitiesthames', 'Username10', '2019-12-10', 1, 0);
INSERT INTO korisnik (id, username, password, datum_registracije, uloga_id, obrisan) VALUES (8, 'dennisjackanapes', 'Username7', '2019-12-10', 1, 0);
INSERT INTO korisnik (id, username, password, datum_registracije, uloga_id, obrisan) VALUES (9, 'ceiriogfavoring', 'Username9', '2019-12-10', 1, 0);
INSERT INTO korisnik (id, username, password, datum_registracije, uloga_id, obrisan) VALUES (10, 'gopperswaals', 'Username7', '2019-12-10', 1, 0);
INSERT INTO korisnik (id, username, password, datum_registracije, uloga_id, obrisan) VALUES (11, 'test', '12345678', '2019-12-23', 2, 0);
INSERT INTO korisnik (id, username, password, datum_registracije, uloga_id, obrisan) VALUES (22, 'test2', 'test2', '2019-12-24', 2, 0);
INSERT INTO korisnik (id, username, password, datum_registracije, uloga_id, obrisan) VALUES (23, 'test3', 'dadasdddas', '2019-12-24', 1, 0);
INSERT INTO korisnik (id, username, password, datum_registracije, uloga_id, obrisan) VALUES (24, 'test23', 'adssaddsadsadsasda', '2019-12-24', 1, 1);
INSERT INTO korisnik (id, username, password, datum_registracije, uloga_id, obrisan) VALUES (25, 'sdasdasdasdsadasdasdasddgffassd', 'dddddddddddddddddddd', '2020-01-02', 1, 0);
INSERT INTO korisnik (id, username, password, datum_registracije, uloga_id, obrisan) VALUES (26, 'test1234', '56yuidfg', '2020-01-02', 1, 1);
INSERT INTO korisnik (id, username, password, datum_registracije, uloga_id, obrisan) VALUES (27, 'avavav', 'avavavav', '2020-01-13', 1, 0);
INSERT INTO korisnik (id, username, password, datum_registracije, uloga_id, obrisan) VALUES (28, 'vavava', '12345678', '2020-01-13 19:43:12', 2, 0);

-- Table: osoba
DROP TABLE IF EXISTS osoba;
CREATE TABLE osoba(id integer PRIMARY KEY AUTOINCREMENT, ime_prezime varchar(126) NOT NULL);
INSERT INTO osoba (id, ime_prezime) VALUES (1, 'Jun Erickson');
INSERT INTO osoba (id, ime_prezime) VALUES (2, 'Lavinia Bains');
INSERT INTO osoba (id, ime_prezime) VALUES (3, 'Garfield William');
INSERT INTO osoba (id, ime_prezime) VALUES (4, 'Letitia Dean');
INSERT INTO osoba (id, ime_prezime) VALUES (5, 'Susan Wilkes');
INSERT INTO osoba (id, ime_prezime) VALUES (6, 'Clarke Proctor');
INSERT INTO osoba (id, ime_prezime) VALUES (7, 'Oisin Nolan');
INSERT INTO osoba (id, ime_prezime) VALUES (8, 'Eathan Beach');
INSERT INTO osoba (id, ime_prezime) VALUES (9, 'Kira Fox');
INSERT INTO osoba (id, ime_prezime) VALUES (10, 'Cadence Lyons');
INSERT INTO osoba (id, ime_prezime) VALUES (11, 'Lennon Francis');
INSERT INTO osoba (id, ime_prezime) VALUES (12, 'Sylvia Robertson');
INSERT INTO osoba (id, ime_prezime) VALUES (13, 'Nazifa Best');
INSERT INTO osoba (id, ime_prezime) VALUES (14, 'Stanley Schroeder');
INSERT INTO osoba (id, ime_prezime) VALUES (15, 'Ciaron Hastings');
INSERT INTO osoba (id, ime_prezime) VALUES (16, 'August Coleman');
INSERT INTO osoba (id, ime_prezime) VALUES (17, 'Shania Foley');
INSERT INTO osoba (id, ime_prezime) VALUES (18, 'Mischa Dixon');
INSERT INTO osoba (id, ime_prezime) VALUES (19, 'Finley Logan');
INSERT INTO osoba (id, ime_prezime) VALUES (20, 'Boyd Southern');
INSERT INTO osoba (id, ime_prezime) VALUES (21, 'Angelina Mill');
INSERT INTO osoba (id, ime_prezime) VALUES (22, 'Shelly Murphy');
INSERT INTO osoba (id, ime_prezime) VALUES (23, 'Ammar Hurst');
INSERT INTO osoba (id, ime_prezime) VALUES (24, 'Candice Markham');
INSERT INTO osoba (id, ime_prezime) VALUES (25, 'Cohan Appleton');
INSERT INTO osoba (id, ime_prezime) VALUES (26, 'Lee Doyle');
INSERT INTO osoba (id, ime_prezime) VALUES (27, 'Zander Buxton');
INSERT INTO osoba (id, ime_prezime) VALUES (28, 'Mira Kline');
INSERT INTO osoba (id, ime_prezime) VALUES (29, 'Oskar Kirby');
INSERT INTO osoba (id, ime_prezime) VALUES (30, 'Chaim Brock');
INSERT INTO osoba (id, ime_prezime) VALUES (31, 'Star Willis');
INSERT INTO osoba (id, ime_prezime) VALUES (32, 'Izaak Hodgson');
INSERT INTO osoba (id, ime_prezime) VALUES (33, 'Ifan Rosas');
INSERT INTO osoba (id, ime_prezime) VALUES (34, 'Cali Gibson');
INSERT INTO osoba (id, ime_prezime) VALUES (35, 'James Leblanc');
INSERT INTO osoba (id, ime_prezime) VALUES (36, 'Kingston Lloyd');
INSERT INTO osoba (id, ime_prezime) VALUES (37, 'Frances Lang');
INSERT INTO osoba (id, ime_prezime) VALUES (38, 'Wilbur Holcomb');
INSERT INTO osoba (id, ime_prezime) VALUES (39, 'Lily-Rose Hook');
INSERT INTO osoba (id, ime_prezime) VALUES (40, 'Isabelle Coulson');
INSERT INTO osoba (id, ime_prezime) VALUES (41, 'Danyaal Cochran');
INSERT INTO osoba (id, ime_prezime) VALUES (42, 'Zayyan Lancaster');
INSERT INTO osoba (id, ime_prezime) VALUES (43, 'Shayan Vargas');
INSERT INTO osoba (id, ime_prezime) VALUES (44, 'Jaylen Knights');
INSERT INTO osoba (id, ime_prezime) VALUES (45, 'Aneurin Webster');
INSERT INTO osoba (id, ime_prezime) VALUES (46, 'Menna Lowery');
INSERT INTO osoba (id, ime_prezime) VALUES (47, 'Mai Perkins');
INSERT INTO osoba (id, ime_prezime) VALUES (48, 'Anabel Phelps');
INSERT INTO osoba (id, ime_prezime) VALUES (49, 'Marisa Steadman');
INSERT INTO osoba (id, ime_prezime) VALUES (50, 'Ayisha Hardin');
INSERT INTO osoba (id, ime_prezime) VALUES (51, 'Beatriz Durham');
INSERT INTO osoba (id, ime_prezime) VALUES (52, 'Aron Spence');
INSERT INTO osoba (id, ime_prezime) VALUES (53, 'Amar Emery');
INSERT INTO osoba (id, ime_prezime) VALUES (54, 'Bruce Swift');
INSERT INTO osoba (id, ime_prezime) VALUES (55, 'Brenda Dowling');
INSERT INTO osoba (id, ime_prezime) VALUES (56, 'Kamil Ahmad');
INSERT INTO osoba (id, ime_prezime) VALUES (57, 'Cassian Ventura');
INSERT INTO osoba (id, ime_prezime) VALUES (58, 'Romany Dyer');
INSERT INTO osoba (id, ime_prezime) VALUES (59, 'Lara Mccartney');
INSERT INTO osoba (id, ime_prezime) VALUES (60, 'Rumaisa Jenkins');
INSERT INTO osoba (id, ime_prezime) VALUES (61, 'Moshe Potter');
INSERT INTO osoba (id, ime_prezime) VALUES (62, 'Reece Salazar');
INSERT INTO osoba (id, ime_prezime) VALUES (63, 'Nyah Peralta');
INSERT INTO osoba (id, ime_prezime) VALUES (64, 'Antoine Waller');
INSERT INTO osoba (id, ime_prezime) VALUES (65, 'Rosina Buck');
INSERT INTO osoba (id, ime_prezime) VALUES (66, 'Saffron Pratt');
INSERT INTO osoba (id, ime_prezime) VALUES (67, 'Ellice Burn');
INSERT INTO osoba (id, ime_prezime) VALUES (68, 'Taiba Trujillo');
INSERT INTO osoba (id, ime_prezime) VALUES (69, 'Payton Vaughan');
INSERT INTO osoba (id, ime_prezime) VALUES (70, 'Lola-Mae Clegg');
INSERT INTO osoba (id, ime_prezime) VALUES (71, 'Shahid Mahoney');
INSERT INTO osoba (id, ime_prezime) VALUES (72, 'Jay-Jay Esquivel');
INSERT INTO osoba (id, ime_prezime) VALUES (73, 'Ritchie Hess');
INSERT INTO osoba (id, ime_prezime) VALUES (74, 'Victor Bull');
INSERT INTO osoba (id, ime_prezime) VALUES (75, 'Jodie Mayer');
INSERT INTO osoba (id, ime_prezime) VALUES (76, 'Test');
INSERT INTO osoba (id, ime_prezime) VALUES (77, 'Dejan');
INSERT INTO osoba (id, ime_prezime) VALUES (78, 'Mario');
INSERT INTO osoba (id, ime_prezime) VALUES (79, 'Luigi');
INSERT INTO osoba (id, ime_prezime) VALUES (80, '');
INSERT INTO osoba (id, ime_prezime) VALUES (81, 'dasdad');
INSERT INTO osoba (id, ime_prezime) VALUES (82, 'dasddasads');
INSERT INTO osoba (id, ime_prezime) VALUES (83, 'sdads');
INSERT INTO osoba (id, ime_prezime) VALUES (84, 'test2');
INSERT INTO osoba (id, ime_prezime) VALUES (85, 'gll');
INSERT INTO osoba (id, ime_prezime) VALUES (86, 'test23');
INSERT INTO osoba (id, ime_prezime) VALUES (87, 'NisamSiguran');
INSERT INTO osoba (id, ime_prezime) VALUES (88, 'Prijatelj#1');
INSERT INTO osoba (id, ime_prezime) VALUES (89, 'Prijatelj#2');
INSERT INTO osoba (id, ime_prezime) VALUES (90, 'ddasdTTTTTTTTT');
INSERT INTO osoba (id, ime_prezime) VALUES (91, 'ddasdyyt');
INSERT INTO osoba (id, ime_prezime) VALUES (92, 'dasdasgrty');
INSERT INTO osoba (id, ime_prezime) VALUES (93, 'dasdasdasdasd');

-- Table: projekcija
DROP TABLE IF EXISTS projekcija;
CREATE TABLE projekcija (id integer PRIMARY KEY AUTOINCREMENT, film_id int NOT NULL, tip_projekcije_id int NOT NULL, sala_id int NOT NULL, datum_vreme_projekcije datetime NOT NULL DEFAULT (datetime('now')), cena_karte DOUBLE NOT NULL, obrisan boolean NOT NULL DEFAULT false, CHECK (cena_karte > 0), FOREIGN KEY (film_id) REFERENCES film (id), FOREIGN KEY (tip_projekcije_id) REFERENCES tip_projekcije (id), FOREIGN KEY (sala_id) REFERENCES sala (id));
INSERT INTO projekcija (id, film_id, tip_projekcije_id, sala_id, datum_vreme_projekcije, cena_karte, obrisan) VALUES (1, 1, 0, 1, '2020-01-19 15:41:57', 20.0, 0);

-- Table: projekcija_administrator
DROP TABLE IF EXISTS projekcija_administrator;
CREATE TABLE projekcija_administrator(projekcija_id int PRIMARY KEY, korisnik_id int, FOREIGN KEY (projekcija_id) REFERENCES projekcija(id), FOREIGN KEY (korisnik_id) REFERENCES korisnik(id));

-- Table: sala
DROP TABLE IF EXISTS sala;
CREATE TABLE sala(id integer primary key autoincrement, naziv varchar(32) NOT NULL);
INSERT INTO sala (id, naziv) VALUES (1, '1A');
INSERT INTO sala (id, naziv) VALUES (2, '1B');
INSERT INTO sala (id, naziv) VALUES (3, '2A');
INSERT INTO sala (id, naziv) VALUES (4, '2B');

-- Table: sediste
DROP TABLE IF EXISTS sediste;
CREATE TABLE sediste (sala_id integer NOT NULL, redni_broj integer NOT NULL, id INTEGER NOT NULL PRIMARY KEY AUTOINCREMENT DEFAULT (1), FOREIGN KEY (sala_id) REFERENCES sala (id), UNIQUE (sala_id, redni_broj));
INSERT INTO sediste (sala_id, redni_broj, id) VALUES (1, 1, 3);
INSERT INTO sediste (sala_id, redni_broj, id) VALUES (1, 2, 4);
INSERT INTO sediste (sala_id, redni_broj, id) VALUES (1, 3, 5);
INSERT INTO sediste (sala_id, redni_broj, id) VALUES (1, 4, 6);
INSERT INTO sediste (sala_id, redni_broj, id) VALUES (1, 5, 7);
INSERT INTO sediste (sala_id, redni_broj, id) VALUES (1, 6, 8);
INSERT INTO sediste (sala_id, redni_broj, id) VALUES (1, 7, 9);
INSERT INTO sediste (sala_id, redni_broj, id) VALUES (1, 8, 10);
INSERT INTO sediste (sala_id, redni_broj, id) VALUES (1, 9, 11);
INSERT INTO sediste (sala_id, redni_broj, id) VALUES (1, 10, 12);
INSERT INTO sediste (sala_id, redni_broj, id) VALUES (1, 11, 13);
INSERT INTO sediste (sala_id, redni_broj, id) VALUES (1, 12, 14);
INSERT INTO sediste (sala_id, redni_broj, id) VALUES (1, 13, 15);
INSERT INTO sediste (sala_id, redni_broj, id) VALUES (1, 14, 16);
INSERT INTO sediste (sala_id, redni_broj, id) VALUES (1, 15, 17);
INSERT INTO sediste (sala_id, redni_broj, id) VALUES (1, 16, 18);
INSERT INTO sediste (sala_id, redni_broj, id) VALUES (1, 17, 19);
INSERT INTO sediste (sala_id, redni_broj, id) VALUES (1, 18, 20);
INSERT INTO sediste (sala_id, redni_broj, id) VALUES (1, 19, 21);
INSERT INTO sediste (sala_id, redni_broj, id) VALUES (1, 20, 22);
INSERT INTO sediste (sala_id, redni_broj, id) VALUES (1, 21, 23);
INSERT INTO sediste (sala_id, redni_broj, id) VALUES (1, 22, 24);
INSERT INTO sediste (sala_id, redni_broj, id) VALUES (1, 23, 25);
INSERT INTO sediste (sala_id, redni_broj, id) VALUES (1, 24, 26);
INSERT INTO sediste (sala_id, redni_broj, id) VALUES (1, 25, 27);
INSERT INTO sediste (sala_id, redni_broj, id) VALUES (1, 26, 28);
INSERT INTO sediste (sala_id, redni_broj, id) VALUES (1, 27, 29);
INSERT INTO sediste (sala_id, redni_broj, id) VALUES (1, 28, 30);
INSERT INTO sediste (sala_id, redni_broj, id) VALUES (1, 29, 31);
INSERT INTO sediste (sala_id, redni_broj, id) VALUES (1, 30, 32);
INSERT INTO sediste (sala_id, redni_broj, id) VALUES (1, 31, 33);
INSERT INTO sediste (sala_id, redni_broj, id) VALUES (1, 32, 34);
INSERT INTO sediste (sala_id, redni_broj, id) VALUES (1, 33, 35);
INSERT INTO sediste (sala_id, redni_broj, id) VALUES (1, 34, 36);
INSERT INTO sediste (sala_id, redni_broj, id) VALUES (1, 35, 37);
INSERT INTO sediste (sala_id, redni_broj, id) VALUES (1, 36, 38);
INSERT INTO sediste (sala_id, redni_broj, id) VALUES (1, 37, 39);
INSERT INTO sediste (sala_id, redni_broj, id) VALUES (1, 38, 40);
INSERT INTO sediste (sala_id, redni_broj, id) VALUES (1, 39, 41);
INSERT INTO sediste (sala_id, redni_broj, id) VALUES (1, 40, 42);
INSERT INTO sediste (sala_id, redni_broj, id) VALUES (1, 41, 43);
INSERT INTO sediste (sala_id, redni_broj, id) VALUES (1, 42, 44);
INSERT INTO sediste (sala_id, redni_broj, id) VALUES (1, 43, 45);
INSERT INTO sediste (sala_id, redni_broj, id) VALUES (1, 44, 46);
INSERT INTO sediste (sala_id, redni_broj, id) VALUES (1, 45, 47);
INSERT INTO sediste (sala_id, redni_broj, id) VALUES (1, 46, 48);
INSERT INTO sediste (sala_id, redni_broj, id) VALUES (1, 47, 49);
INSERT INTO sediste (sala_id, redni_broj, id) VALUES (1, 48, 50);
INSERT INTO sediste (sala_id, redni_broj, id) VALUES (1, 49, 51);
INSERT INTO sediste (sala_id, redni_broj, id) VALUES (1, 50, 52);
INSERT INTO sediste (sala_id, redni_broj, id) VALUES (1, 51, 53);
INSERT INTO sediste (sala_id, redni_broj, id) VALUES (1, 52, 54);
INSERT INTO sediste (sala_id, redni_broj, id) VALUES (1, 53, 55);
INSERT INTO sediste (sala_id, redni_broj, id) VALUES (1, 54, 56);
INSERT INTO sediste (sala_id, redni_broj, id) VALUES (1, 55, 57);
INSERT INTO sediste (sala_id, redni_broj, id) VALUES (1, 56, 58);
INSERT INTO sediste (sala_id, redni_broj, id) VALUES (1, 57, 59);
INSERT INTO sediste (sala_id, redni_broj, id) VALUES (1, 58, 60);
INSERT INTO sediste (sala_id, redni_broj, id) VALUES (1, 59, 61);
INSERT INTO sediste (sala_id, redni_broj, id) VALUES (1, 60, 62);
INSERT INTO sediste (sala_id, redni_broj, id) VALUES (1, 61, 63);
INSERT INTO sediste (sala_id, redni_broj, id) VALUES (1, 62, 64);
INSERT INTO sediste (sala_id, redni_broj, id) VALUES (1, 63, 65);
INSERT INTO sediste (sala_id, redni_broj, id) VALUES (1, 64, 66);
INSERT INTO sediste (sala_id, redni_broj, id) VALUES (1, 65, 67);
INSERT INTO sediste (sala_id, redni_broj, id) VALUES (1, 66, 68);
INSERT INTO sediste (sala_id, redni_broj, id) VALUES (1, 67, 69);
INSERT INTO sediste (sala_id, redni_broj, id) VALUES (1, 68, 70);
INSERT INTO sediste (sala_id, redni_broj, id) VALUES (1, 69, 71);
INSERT INTO sediste (sala_id, redni_broj, id) VALUES (1, 70, 72);
INSERT INTO sediste (sala_id, redni_broj, id) VALUES (1, 71, 73);
INSERT INTO sediste (sala_id, redni_broj, id) VALUES (1, 72, 74);
INSERT INTO sediste (sala_id, redni_broj, id) VALUES (1, 73, 75);
INSERT INTO sediste (sala_id, redni_broj, id) VALUES (1, 74, 76);
INSERT INTO sediste (sala_id, redni_broj, id) VALUES (1, 75, 77);
INSERT INTO sediste (sala_id, redni_broj, id) VALUES (1, 76, 78);
INSERT INTO sediste (sala_id, redni_broj, id) VALUES (1, 77, 79);
INSERT INTO sediste (sala_id, redni_broj, id) VALUES (1, 78, 80);
INSERT INTO sediste (sala_id, redni_broj, id) VALUES (1, 79, 81);
INSERT INTO sediste (sala_id, redni_broj, id) VALUES (1, 80, 82);
INSERT INTO sediste (sala_id, redni_broj, id) VALUES (1, 81, 83);
INSERT INTO sediste (sala_id, redni_broj, id) VALUES (1, 82, 84);
INSERT INTO sediste (sala_id, redni_broj, id) VALUES (1, 83, 85);
INSERT INTO sediste (sala_id, redni_broj, id) VALUES (1, 84, 86);
INSERT INTO sediste (sala_id, redni_broj, id) VALUES (1, 85, 87);
INSERT INTO sediste (sala_id, redni_broj, id) VALUES (1, 86, 88);
INSERT INTO sediste (sala_id, redni_broj, id) VALUES (1, 87, 89);
INSERT INTO sediste (sala_id, redni_broj, id) VALUES (1, 88, 90);
INSERT INTO sediste (sala_id, redni_broj, id) VALUES (1, 89, 91);
INSERT INTO sediste (sala_id, redni_broj, id) VALUES (1, 90, 92);
INSERT INTO sediste (sala_id, redni_broj, id) VALUES (1, 91, 93);
INSERT INTO sediste (sala_id, redni_broj, id) VALUES (1, 92, 94);
INSERT INTO sediste (sala_id, redni_broj, id) VALUES (1, 93, 95);
INSERT INTO sediste (sala_id, redni_broj, id) VALUES (1, 94, 96);
INSERT INTO sediste (sala_id, redni_broj, id) VALUES (1, 95, 97);
INSERT INTO sediste (sala_id, redni_broj, id) VALUES (1, 96, 98);
INSERT INTO sediste (sala_id, redni_broj, id) VALUES (1, 97, 99);
INSERT INTO sediste (sala_id, redni_broj, id) VALUES (1, 98, 100);
INSERT INTO sediste (sala_id, redni_broj, id) VALUES (1, 99, 101);
INSERT INTO sediste (sala_id, redni_broj, id) VALUES (1, 100, 102);
INSERT INTO sediste (sala_id, redni_broj, id) VALUES (2, 1, 103);
INSERT INTO sediste (sala_id, redni_broj, id) VALUES (2, 2, 104);
INSERT INTO sediste (sala_id, redni_broj, id) VALUES (2, 3, 105);
INSERT INTO sediste (sala_id, redni_broj, id) VALUES (2, 4, 106);
INSERT INTO sediste (sala_id, redni_broj, id) VALUES (2, 5, 107);
INSERT INTO sediste (sala_id, redni_broj, id) VALUES (2, 6, 108);
INSERT INTO sediste (sala_id, redni_broj, id) VALUES (2, 7, 109);
INSERT INTO sediste (sala_id, redni_broj, id) VALUES (2, 8, 110);
INSERT INTO sediste (sala_id, redni_broj, id) VALUES (2, 9, 111);
INSERT INTO sediste (sala_id, redni_broj, id) VALUES (2, 10, 112);
INSERT INTO sediste (sala_id, redni_broj, id) VALUES (3, 1, 113);
INSERT INTO sediste (sala_id, redni_broj, id) VALUES (3, 2, 114);
INSERT INTO sediste (sala_id, redni_broj, id) VALUES (3, 3, 115);
INSERT INTO sediste (sala_id, redni_broj, id) VALUES (3, 4, 116);
INSERT INTO sediste (sala_id, redni_broj, id) VALUES (3, 5, 117);
INSERT INTO sediste (sala_id, redni_broj, id) VALUES (3, 6, 118);
INSERT INTO sediste (sala_id, redni_broj, id) VALUES (3, 7, 119);
INSERT INTO sediste (sala_id, redni_broj, id) VALUES (3, 8, 120);
INSERT INTO sediste (sala_id, redni_broj, id) VALUES (3, 9, 121);
INSERT INTO sediste (sala_id, redni_broj, id) VALUES (3, 10, 122);
INSERT INTO sediste (sala_id, redni_broj, id) VALUES (3, 11, 123);
INSERT INTO sediste (sala_id, redni_broj, id) VALUES (3, 12, 124);
INSERT INTO sediste (sala_id, redni_broj, id) VALUES (3, 13, 125);
INSERT INTO sediste (sala_id, redni_broj, id) VALUES (3, 14, 126);
INSERT INTO sediste (sala_id, redni_broj, id) VALUES (3, 15, 127);
INSERT INTO sediste (sala_id, redni_broj, id) VALUES (3, 16, 128);
INSERT INTO sediste (sala_id, redni_broj, id) VALUES (3, 17, 129);
INSERT INTO sediste (sala_id, redni_broj, id) VALUES (3, 18, 130);
INSERT INTO sediste (sala_id, redni_broj, id) VALUES (3, 19, 131);
INSERT INTO sediste (sala_id, redni_broj, id) VALUES (3, 20, 132);
INSERT INTO sediste (sala_id, redni_broj, id) VALUES (3, 21, 133);
INSERT INTO sediste (sala_id, redni_broj, id) VALUES (3, 22, 134);
INSERT INTO sediste (sala_id, redni_broj, id) VALUES (3, 23, 135);
INSERT INTO sediste (sala_id, redni_broj, id) VALUES (3, 24, 136);
INSERT INTO sediste (sala_id, redni_broj, id) VALUES (3, 25, 137);
INSERT INTO sediste (sala_id, redni_broj, id) VALUES (3, 26, 138);
INSERT INTO sediste (sala_id, redni_broj, id) VALUES (3, 27, 139);
INSERT INTO sediste (sala_id, redni_broj, id) VALUES (3, 28, 140);
INSERT INTO sediste (sala_id, redni_broj, id) VALUES (3, 29, 141);
INSERT INTO sediste (sala_id, redni_broj, id) VALUES (3, 30, 142);
INSERT INTO sediste (sala_id, redni_broj, id) VALUES (3, 31, 143);
INSERT INTO sediste (sala_id, redni_broj, id) VALUES (3, 32, 144);
INSERT INTO sediste (sala_id, redni_broj, id) VALUES (3, 33, 145);
INSERT INTO sediste (sala_id, redni_broj, id) VALUES (3, 34, 146);
INSERT INTO sediste (sala_id, redni_broj, id) VALUES (3, 35, 147);
INSERT INTO sediste (sala_id, redni_broj, id) VALUES (3, 36, 148);
INSERT INTO sediste (sala_id, redni_broj, id) VALUES (3, 37, 149);
INSERT INTO sediste (sala_id, redni_broj, id) VALUES (3, 38, 150);
INSERT INTO sediste (sala_id, redni_broj, id) VALUES (3, 39, 151);
INSERT INTO sediste (sala_id, redni_broj, id) VALUES (3, 40, 152);
INSERT INTO sediste (sala_id, redni_broj, id) VALUES (3, 41, 153);
INSERT INTO sediste (sala_id, redni_broj, id) VALUES (3, 42, 154);
INSERT INTO sediste (sala_id, redni_broj, id) VALUES (3, 43, 155);
INSERT INTO sediste (sala_id, redni_broj, id) VALUES (3, 44, 156);
INSERT INTO sediste (sala_id, redni_broj, id) VALUES (3, 45, 157);
INSERT INTO sediste (sala_id, redni_broj, id) VALUES (3, 46, 158);
INSERT INTO sediste (sala_id, redni_broj, id) VALUES (3, 47, 159);
INSERT INTO sediste (sala_id, redni_broj, id) VALUES (3, 48, 160);
INSERT INTO sediste (sala_id, redni_broj, id) VALUES (3, 49, 161);
INSERT INTO sediste (sala_id, redni_broj, id) VALUES (3, 50, 162);
INSERT INTO sediste (sala_id, redni_broj, id) VALUES (3, 51, 163);
INSERT INTO sediste (sala_id, redni_broj, id) VALUES (3, 52, 164);
INSERT INTO sediste (sala_id, redni_broj, id) VALUES (3, 53, 165);
INSERT INTO sediste (sala_id, redni_broj, id) VALUES (3, 54, 166);
INSERT INTO sediste (sala_id, redni_broj, id) VALUES (3, 55, 167);
INSERT INTO sediste (sala_id, redni_broj, id) VALUES (3, 56, 168);
INSERT INTO sediste (sala_id, redni_broj, id) VALUES (3, 57, 169);
INSERT INTO sediste (sala_id, redni_broj, id) VALUES (3, 58, 170);
INSERT INTO sediste (sala_id, redni_broj, id) VALUES (3, 59, 171);
INSERT INTO sediste (sala_id, redni_broj, id) VALUES (3, 60, 172);
INSERT INTO sediste (sala_id, redni_broj, id) VALUES (3, 61, 173);
INSERT INTO sediste (sala_id, redni_broj, id) VALUES (3, 62, 174);
INSERT INTO sediste (sala_id, redni_broj, id) VALUES (3, 63, 175);
INSERT INTO sediste (sala_id, redni_broj, id) VALUES (3, 64, 176);
INSERT INTO sediste (sala_id, redni_broj, id) VALUES (3, 65, 177);
INSERT INTO sediste (sala_id, redni_broj, id) VALUES (3, 66, 178);
INSERT INTO sediste (sala_id, redni_broj, id) VALUES (3, 67, 179);
INSERT INTO sediste (sala_id, redni_broj, id) VALUES (3, 68, 180);
INSERT INTO sediste (sala_id, redni_broj, id) VALUES (3, 69, 181);
INSERT INTO sediste (sala_id, redni_broj, id) VALUES (3, 70, 182);
INSERT INTO sediste (sala_id, redni_broj, id) VALUES (3, 71, 183);
INSERT INTO sediste (sala_id, redni_broj, id) VALUES (3, 72, 184);
INSERT INTO sediste (sala_id, redni_broj, id) VALUES (3, 73, 185);
INSERT INTO sediste (sala_id, redni_broj, id) VALUES (3, 74, 186);
INSERT INTO sediste (sala_id, redni_broj, id) VALUES (3, 75, 187);
INSERT INTO sediste (sala_id, redni_broj, id) VALUES (3, 76, 188);
INSERT INTO sediste (sala_id, redni_broj, id) VALUES (3, 77, 189);
INSERT INTO sediste (sala_id, redni_broj, id) VALUES (3, 78, 190);
INSERT INTO sediste (sala_id, redni_broj, id) VALUES (3, 79, 191);
INSERT INTO sediste (sala_id, redni_broj, id) VALUES (3, 80, 192);
INSERT INTO sediste (sala_id, redni_broj, id) VALUES (3, 81, 193);
INSERT INTO sediste (sala_id, redni_broj, id) VALUES (3, 82, 194);
INSERT INTO sediste (sala_id, redni_broj, id) VALUES (3, 83, 195);
INSERT INTO sediste (sala_id, redni_broj, id) VALUES (3, 84, 196);
INSERT INTO sediste (sala_id, redni_broj, id) VALUES (3, 85, 197);
INSERT INTO sediste (sala_id, redni_broj, id) VALUES (3, 86, 198);
INSERT INTO sediste (sala_id, redni_broj, id) VALUES (3, 87, 199);
INSERT INTO sediste (sala_id, redni_broj, id) VALUES (3, 88, 200);
INSERT INTO sediste (sala_id, redni_broj, id) VALUES (3, 89, 201);
INSERT INTO sediste (sala_id, redni_broj, id) VALUES (3, 90, 202);
INSERT INTO sediste (sala_id, redni_broj, id) VALUES (3, 91, 203);
INSERT INTO sediste (sala_id, redni_broj, id) VALUES (3, 92, 204);
INSERT INTO sediste (sala_id, redni_broj, id) VALUES (3, 93, 205);
INSERT INTO sediste (sala_id, redni_broj, id) VALUES (3, 94, 206);
INSERT INTO sediste (sala_id, redni_broj, id) VALUES (3, 95, 207);
INSERT INTO sediste (sala_id, redni_broj, id) VALUES (3, 96, 208);
INSERT INTO sediste (sala_id, redni_broj, id) VALUES (3, 97, 209);
INSERT INTO sediste (sala_id, redni_broj, id) VALUES (3, 98, 210);
INSERT INTO sediste (sala_id, redni_broj, id) VALUES (3, 99, 211);
INSERT INTO sediste (sala_id, redni_broj, id) VALUES (3, 100, 212);
INSERT INTO sediste (sala_id, redni_broj, id) VALUES (4, 1, 213);
INSERT INTO sediste (sala_id, redni_broj, id) VALUES (4, 2, 214);
INSERT INTO sediste (sala_id, redni_broj, id) VALUES (4, 3, 215);
INSERT INTO sediste (sala_id, redni_broj, id) VALUES (4, 4, 216);
INSERT INTO sediste (sala_id, redni_broj, id) VALUES (4, 5, 217);
INSERT INTO sediste (sala_id, redni_broj, id) VALUES (4, 6, 218);
INSERT INTO sediste (sala_id, redni_broj, id) VALUES (4, 7, 219);
INSERT INTO sediste (sala_id, redni_broj, id) VALUES (4, 8, 220);
INSERT INTO sediste (sala_id, redni_broj, id) VALUES (4, 9, 221);
INSERT INTO sediste (sala_id, redni_broj, id) VALUES (4, 10, 222);
INSERT INTO sediste (sala_id, redni_broj, id) VALUES (4, 11, 223);
INSERT INTO sediste (sala_id, redni_broj, id) VALUES (4, 12, 224);
INSERT INTO sediste (sala_id, redni_broj, id) VALUES (4, 13, 225);
INSERT INTO sediste (sala_id, redni_broj, id) VALUES (4, 14, 226);
INSERT INTO sediste (sala_id, redni_broj, id) VALUES (4, 15, 227);
INSERT INTO sediste (sala_id, redni_broj, id) VALUES (4, 16, 228);
INSERT INTO sediste (sala_id, redni_broj, id) VALUES (4, 17, 229);
INSERT INTO sediste (sala_id, redni_broj, id) VALUES (4, 18, 230);
INSERT INTO sediste (sala_id, redni_broj, id) VALUES (4, 19, 231);
INSERT INTO sediste (sala_id, redni_broj, id) VALUES (4, 20, 232);
INSERT INTO sediste (sala_id, redni_broj, id) VALUES (4, 21, 233);
INSERT INTO sediste (sala_id, redni_broj, id) VALUES (4, 22, 234);
INSERT INTO sediste (sala_id, redni_broj, id) VALUES (4, 23, 235);
INSERT INTO sediste (sala_id, redni_broj, id) VALUES (4, 24, 236);
INSERT INTO sediste (sala_id, redni_broj, id) VALUES (4, 25, 237);
INSERT INTO sediste (sala_id, redni_broj, id) VALUES (4, 26, 238);
INSERT INTO sediste (sala_id, redni_broj, id) VALUES (4, 27, 239);
INSERT INTO sediste (sala_id, redni_broj, id) VALUES (4, 28, 240);
INSERT INTO sediste (sala_id, redni_broj, id) VALUES (4, 29, 241);
INSERT INTO sediste (sala_id, redni_broj, id) VALUES (4, 30, 242);
INSERT INTO sediste (sala_id, redni_broj, id) VALUES (4, 31, 243);
INSERT INTO sediste (sala_id, redni_broj, id) VALUES (4, 32, 244);
INSERT INTO sediste (sala_id, redni_broj, id) VALUES (4, 33, 245);
INSERT INTO sediste (sala_id, redni_broj, id) VALUES (4, 34, 246);
INSERT INTO sediste (sala_id, redni_broj, id) VALUES (4, 35, 247);
INSERT INTO sediste (sala_id, redni_broj, id) VALUES (4, 36, 248);
INSERT INTO sediste (sala_id, redni_broj, id) VALUES (4, 37, 249);
INSERT INTO sediste (sala_id, redni_broj, id) VALUES (4, 38, 250);
INSERT INTO sediste (sala_id, redni_broj, id) VALUES (4, 39, 251);
INSERT INTO sediste (sala_id, redni_broj, id) VALUES (4, 40, 252);
INSERT INTO sediste (sala_id, redni_broj, id) VALUES (4, 41, 253);
INSERT INTO sediste (sala_id, redni_broj, id) VALUES (4, 42, 254);
INSERT INTO sediste (sala_id, redni_broj, id) VALUES (4, 43, 255);
INSERT INTO sediste (sala_id, redni_broj, id) VALUES (4, 44, 256);
INSERT INTO sediste (sala_id, redni_broj, id) VALUES (4, 45, 257);
INSERT INTO sediste (sala_id, redni_broj, id) VALUES (4, 46, 258);
INSERT INTO sediste (sala_id, redni_broj, id) VALUES (4, 47, 259);
INSERT INTO sediste (sala_id, redni_broj, id) VALUES (4, 48, 260);
INSERT INTO sediste (sala_id, redni_broj, id) VALUES (4, 49, 261);
INSERT INTO sediste (sala_id, redni_broj, id) VALUES (4, 50, 262);
INSERT INTO sediste (sala_id, redni_broj, id) VALUES (4, 51, 263);
INSERT INTO sediste (sala_id, redni_broj, id) VALUES (4, 52, 264);
INSERT INTO sediste (sala_id, redni_broj, id) VALUES (4, 53, 265);
INSERT INTO sediste (sala_id, redni_broj, id) VALUES (4, 54, 266);
INSERT INTO sediste (sala_id, redni_broj, id) VALUES (4, 55, 267);
INSERT INTO sediste (sala_id, redni_broj, id) VALUES (4, 56, 268);
INSERT INTO sediste (sala_id, redni_broj, id) VALUES (4, 57, 269);
INSERT INTO sediste (sala_id, redni_broj, id) VALUES (4, 58, 270);
INSERT INTO sediste (sala_id, redni_broj, id) VALUES (4, 59, 271);
INSERT INTO sediste (sala_id, redni_broj, id) VALUES (4, 60, 272);
INSERT INTO sediste (sala_id, redni_broj, id) VALUES (4, 61, 273);
INSERT INTO sediste (sala_id, redni_broj, id) VALUES (4, 62, 274);
INSERT INTO sediste (sala_id, redni_broj, id) VALUES (4, 63, 275);
INSERT INTO sediste (sala_id, redni_broj, id) VALUES (4, 64, 276);
INSERT INTO sediste (sala_id, redni_broj, id) VALUES (4, 65, 277);
INSERT INTO sediste (sala_id, redni_broj, id) VALUES (4, 66, 278);
INSERT INTO sediste (sala_id, redni_broj, id) VALUES (4, 67, 279);
INSERT INTO sediste (sala_id, redni_broj, id) VALUES (4, 68, 280);
INSERT INTO sediste (sala_id, redni_broj, id) VALUES (4, 69, 281);
INSERT INTO sediste (sala_id, redni_broj, id) VALUES (4, 70, 282);
INSERT INTO sediste (sala_id, redni_broj, id) VALUES (4, 71, 283);
INSERT INTO sediste (sala_id, redni_broj, id) VALUES (4, 72, 284);
INSERT INTO sediste (sala_id, redni_broj, id) VALUES (4, 73, 285);
INSERT INTO sediste (sala_id, redni_broj, id) VALUES (4, 74, 286);
INSERT INTO sediste (sala_id, redni_broj, id) VALUES (4, 75, 287);
INSERT INTO sediste (sala_id, redni_broj, id) VALUES (4, 76, 288);
INSERT INTO sediste (sala_id, redni_broj, id) VALUES (4, 77, 289);
INSERT INTO sediste (sala_id, redni_broj, id) VALUES (4, 78, 290);
INSERT INTO sediste (sala_id, redni_broj, id) VALUES (4, 79, 291);
INSERT INTO sediste (sala_id, redni_broj, id) VALUES (4, 80, 292);
INSERT INTO sediste (sala_id, redni_broj, id) VALUES (4, 81, 293);
INSERT INTO sediste (sala_id, redni_broj, id) VALUES (4, 82, 294);
INSERT INTO sediste (sala_id, redni_broj, id) VALUES (4, 83, 295);
INSERT INTO sediste (sala_id, redni_broj, id) VALUES (4, 84, 296);
INSERT INTO sediste (sala_id, redni_broj, id) VALUES (4, 85, 297);
INSERT INTO sediste (sala_id, redni_broj, id) VALUES (4, 86, 298);
INSERT INTO sediste (sala_id, redni_broj, id) VALUES (4, 87, 299);
INSERT INTO sediste (sala_id, redni_broj, id) VALUES (4, 88, 300);
INSERT INTO sediste (sala_id, redni_broj, id) VALUES (4, 89, 301);
INSERT INTO sediste (sala_id, redni_broj, id) VALUES (4, 90, 302);
INSERT INTO sediste (sala_id, redni_broj, id) VALUES (4, 91, 303);
INSERT INTO sediste (sala_id, redni_broj, id) VALUES (4, 92, 304);
INSERT INTO sediste (sala_id, redni_broj, id) VALUES (4, 93, 305);
INSERT INTO sediste (sala_id, redni_broj, id) VALUES (4, 94, 306);
INSERT INTO sediste (sala_id, redni_broj, id) VALUES (4, 95, 307);
INSERT INTO sediste (sala_id, redni_broj, id) VALUES (4, 96, 308);
INSERT INTO sediste (sala_id, redni_broj, id) VALUES (4, 97, 309);
INSERT INTO sediste (sala_id, redni_broj, id) VALUES (4, 98, 310);
INSERT INTO sediste (sala_id, redni_broj, id) VALUES (4, 99, 311);
INSERT INTO sediste (sala_id, redni_broj, id) VALUES (4, 100, 312);
INSERT INTO sediste (sala_id, redni_broj, id) VALUES (4, 101, 313);
INSERT INTO sediste (sala_id, redni_broj, id) VALUES (4, 102, 314);
INSERT INTO sediste (sala_id, redni_broj, id) VALUES (4, 103, 315);
INSERT INTO sediste (sala_id, redni_broj, id) VALUES (4, 104, 316);
INSERT INTO sediste (sala_id, redni_broj, id) VALUES (4, 105, 317);
INSERT INTO sediste (sala_id, redni_broj, id) VALUES (4, 106, 318);
INSERT INTO sediste (sala_id, redni_broj, id) VALUES (4, 107, 319);
INSERT INTO sediste (sala_id, redni_broj, id) VALUES (4, 108, 320);
INSERT INTO sediste (sala_id, redni_broj, id) VALUES (4, 109, 321);
INSERT INTO sediste (sala_id, redni_broj, id) VALUES (4, 110, 322);
INSERT INTO sediste (sala_id, redni_broj, id) VALUES (4, 111, 323);
INSERT INTO sediste (sala_id, redni_broj, id) VALUES (4, 112, 324);
INSERT INTO sediste (sala_id, redni_broj, id) VALUES (4, 113, 325);
INSERT INTO sediste (sala_id, redni_broj, id) VALUES (4, 114, 326);
INSERT INTO sediste (sala_id, redni_broj, id) VALUES (4, 115, 327);
INSERT INTO sediste (sala_id, redni_broj, id) VALUES (4, 116, 328);
INSERT INTO sediste (sala_id, redni_broj, id) VALUES (4, 117, 329);
INSERT INTO sediste (sala_id, redni_broj, id) VALUES (4, 118, 330);
INSERT INTO sediste (sala_id, redni_broj, id) VALUES (4, 119, 331);
INSERT INTO sediste (sala_id, redni_broj, id) VALUES (4, 120, 332);
INSERT INTO sediste (sala_id, redni_broj, id) VALUES (4, 121, 333);
INSERT INTO sediste (sala_id, redni_broj, id) VALUES (4, 122, 334);
INSERT INTO sediste (sala_id, redni_broj, id) VALUES (4, 123, 335);
INSERT INTO sediste (sala_id, redni_broj, id) VALUES (4, 124, 336);
INSERT INTO sediste (sala_id, redni_broj, id) VALUES (4, 125, 337);
INSERT INTO sediste (sala_id, redni_broj, id) VALUES (4, 126, 338);
INSERT INTO sediste (sala_id, redni_broj, id) VALUES (4, 127, 339);
INSERT INTO sediste (sala_id, redni_broj, id) VALUES (4, 128, 340);
INSERT INTO sediste (sala_id, redni_broj, id) VALUES (4, 129, 341);
INSERT INTO sediste (sala_id, redni_broj, id) VALUES (4, 130, 342);
INSERT INTO sediste (sala_id, redni_broj, id) VALUES (4, 131, 343);
INSERT INTO sediste (sala_id, redni_broj, id) VALUES (4, 132, 344);
INSERT INTO sediste (sala_id, redni_broj, id) VALUES (4, 133, 345);
INSERT INTO sediste (sala_id, redni_broj, id) VALUES (4, 134, 346);
INSERT INTO sediste (sala_id, redni_broj, id) VALUES (4, 135, 347);
INSERT INTO sediste (sala_id, redni_broj, id) VALUES (4, 136, 348);
INSERT INTO sediste (sala_id, redni_broj, id) VALUES (4, 137, 349);
INSERT INTO sediste (sala_id, redni_broj, id) VALUES (4, 138, 350);
INSERT INTO sediste (sala_id, redni_broj, id) VALUES (4, 139, 351);
INSERT INTO sediste (sala_id, redni_broj, id) VALUES (4, 140, 352);
INSERT INTO sediste (sala_id, redni_broj, id) VALUES (4, 141, 353);
INSERT INTO sediste (sala_id, redni_broj, id) VALUES (4, 142, 354);
INSERT INTO sediste (sala_id, redni_broj, id) VALUES (4, 143, 355);
INSERT INTO sediste (sala_id, redni_broj, id) VALUES (4, 144, 356);
INSERT INTO sediste (sala_id, redni_broj, id) VALUES (4, 145, 357);
INSERT INTO sediste (sala_id, redni_broj, id) VALUES (4, 146, 358);
INSERT INTO sediste (sala_id, redni_broj, id) VALUES (4, 147, 359);
INSERT INTO sediste (sala_id, redni_broj, id) VALUES (4, 148, 360);
INSERT INTO sediste (sala_id, redni_broj, id) VALUES (4, 149, 361);
INSERT INTO sediste (sala_id, redni_broj, id) VALUES (4, 150, 362);
INSERT INTO sediste (sala_id, redni_broj, id) VALUES (4, 151, 363);
INSERT INTO sediste (sala_id, redni_broj, id) VALUES (4, 152, 364);
INSERT INTO sediste (sala_id, redni_broj, id) VALUES (4, 153, 365);
INSERT INTO sediste (sala_id, redni_broj, id) VALUES (4, 154, 366);
INSERT INTO sediste (sala_id, redni_broj, id) VALUES (4, 155, 367);
INSERT INTO sediste (sala_id, redni_broj, id) VALUES (4, 156, 368);
INSERT INTO sediste (sala_id, redni_broj, id) VALUES (4, 157, 369);
INSERT INTO sediste (sala_id, redni_broj, id) VALUES (4, 158, 370);
INSERT INTO sediste (sala_id, redni_broj, id) VALUES (4, 159, 371);
INSERT INTO sediste (sala_id, redni_broj, id) VALUES (4, 160, 372);
INSERT INTO sediste (sala_id, redni_broj, id) VALUES (4, 161, 373);
INSERT INTO sediste (sala_id, redni_broj, id) VALUES (4, 162, 374);
INSERT INTO sediste (sala_id, redni_broj, id) VALUES (4, 163, 375);
INSERT INTO sediste (sala_id, redni_broj, id) VALUES (4, 164, 376);
INSERT INTO sediste (sala_id, redni_broj, id) VALUES (4, 165, 377);
INSERT INTO sediste (sala_id, redni_broj, id) VALUES (4, 166, 378);
INSERT INTO sediste (sala_id, redni_broj, id) VALUES (4, 167, 379);
INSERT INTO sediste (sala_id, redni_broj, id) VALUES (4, 168, 380);
INSERT INTO sediste (sala_id, redni_broj, id) VALUES (4, 169, 381);
INSERT INTO sediste (sala_id, redni_broj, id) VALUES (4, 170, 382);
INSERT INTO sediste (sala_id, redni_broj, id) VALUES (4, 171, 383);
INSERT INTO sediste (sala_id, redni_broj, id) VALUES (4, 172, 384);
INSERT INTO sediste (sala_id, redni_broj, id) VALUES (4, 173, 385);
INSERT INTO sediste (sala_id, redni_broj, id) VALUES (4, 174, 386);
INSERT INTO sediste (sala_id, redni_broj, id) VALUES (4, 175, 387);
INSERT INTO sediste (sala_id, redni_broj, id) VALUES (4, 176, 388);
INSERT INTO sediste (sala_id, redni_broj, id) VALUES (4, 177, 389);
INSERT INTO sediste (sala_id, redni_broj, id) VALUES (4, 178, 390);
INSERT INTO sediste (sala_id, redni_broj, id) VALUES (4, 179, 391);
INSERT INTO sediste (sala_id, redni_broj, id) VALUES (4, 180, 392);
INSERT INTO sediste (sala_id, redni_broj, id) VALUES (4, 181, 393);
INSERT INTO sediste (sala_id, redni_broj, id) VALUES (4, 182, 394);
INSERT INTO sediste (sala_id, redni_broj, id) VALUES (4, 183, 395);
INSERT INTO sediste (sala_id, redni_broj, id) VALUES (4, 184, 396);
INSERT INTO sediste (sala_id, redni_broj, id) VALUES (4, 185, 397);
INSERT INTO sediste (sala_id, redni_broj, id) VALUES (4, 186, 398);
INSERT INTO sediste (sala_id, redni_broj, id) VALUES (4, 187, 399);
INSERT INTO sediste (sala_id, redni_broj, id) VALUES (4, 188, 400);
INSERT INTO sediste (sala_id, redni_broj, id) VALUES (4, 189, 401);
INSERT INTO sediste (sala_id, redni_broj, id) VALUES (4, 190, 402);
INSERT INTO sediste (sala_id, redni_broj, id) VALUES (4, 191, 403);
INSERT INTO sediste (sala_id, redni_broj, id) VALUES (4, 192, 404);
INSERT INTO sediste (sala_id, redni_broj, id) VALUES (4, 193, 405);
INSERT INTO sediste (sala_id, redni_broj, id) VALUES (4, 194, 406);
INSERT INTO sediste (sala_id, redni_broj, id) VALUES (4, 195, 407);
INSERT INTO sediste (sala_id, redni_broj, id) VALUES (4, 196, 408);
INSERT INTO sediste (sala_id, redni_broj, id) VALUES (4, 197, 409);
INSERT INTO sediste (sala_id, redni_broj, id) VALUES (4, 198, 410);
INSERT INTO sediste (sala_id, redni_broj, id) VALUES (4, 199, 411);
INSERT INTO sediste (sala_id, redni_broj, id) VALUES (4, 200, 412);

-- Table: tip_projekcije
DROP TABLE IF EXISTS tip_projekcije;
CREATE TABLE tip_projekcije(id integer primary key autoincrement, naziv varchar(32) NOT NULL);
INSERT INTO tip_projekcije (id, naziv) VALUES (0, '2D');
INSERT INTO tip_projekcije (id, naziv) VALUES (1, '3D');
INSERT INTO tip_projekcije (id, naziv) VALUES (2, '4D');
INSERT INTO tip_projekcije (id, naziv) VALUES (3, '5D');

-- Table: tip_projekcije_u_sali
DROP TABLE IF EXISTS tip_projekcije_u_sali;
CREATE TABLE tip_projekcije_u_sali(sala_id integer not null, tip_projekcije_id int not null, foreign key (sala_id) references sala(id), foreign key (tip_projekcije_id) references tip_projekcije(id), primary key (sala_id, tip_projekcije_id));

-- Table: uloga
DROP TABLE IF EXISTS uloga;
CREATE TABLE uloga(id integer PRIMARY KEY AUTOINCREMENT, naziv varchar(64) not null);
INSERT INTO uloga (id, naziv) VALUES (1, 'Obican');
INSERT INTO uloga (id, naziv) VALUES (2, 'Admin');

-- Table: zanr
DROP TABLE IF EXISTS zanr;
CREATE TABLE zanr(id integer PRIMARY KEY AUTOINCREMENT, naziv varchar(64) NOT NULL);
INSERT INTO zanr (id, naziv) VALUES (1, 'Deciji');
INSERT INTO zanr (id, naziv) VALUES (2, 'Triler');
INSERT INTO zanr (id, naziv) VALUES (3, 'Horor');
INSERT INTO zanr (id, naziv) VALUES (4, 'Komedija');
INSERT INTO zanr (id, naziv) VALUES (5, 'Akcija');
INSERT INTO zanr (id, naziv) VALUES (6, 'Murder Mystery');
INSERT INTO zanr (id, naziv) VALUES (7, 'tragikomedija');
INSERT INTO zanr (id, naziv) VALUES (8, 'Crtani-Film');
INSERT INTO zanr (id, naziv) VALUES (9, 'dTTTT');
INSERT INTO zanr (id, naziv) VALUES (10, 'Crtani Fil');
INSERT INTO zanr (id, naziv) VALUES (11, 'MojZanr');

COMMIT TRANSACTION;
PRAGMA foreign_keys = on;
